<?xml version="1.0" encoding="UTF-8"?>
<!-- IMPORTANT: This is an internal file that has been generated
     by the Xilinx ISE software.  Any direct editing or
     changes made to this file may result in unpredictable
     behavior or data corruption.  It is strongly advised that
     users do not edit the contents of this file. -->
<DeviceUsageSummary rev="36">
<DesignStatistics TimeStamp="Thu Dec 01 12:02:51 2016"><group name="NetStatistics">
<item name="NumNets_Active" rev="35">
<attrib name="value" value="1669"/></item>
<item name="NumNets_Gnd" rev="35">
<attrib name="value" value="1"/></item>
<item name="NumNets_Vcc" rev="35">
<attrib name="value" value="1"/></item>
<item name="NumNodesOfType_Active_CLKPIN" rev="35">
<attrib name="value" value="315"/></item>
<item name="NumNodesOfType_Active_CNTRLPIN" rev="35">
<attrib name="value" value="598"/></item>
<item name="NumNodesOfType_Active_DOUBLE" rev="35">
<attrib name="value" value="5552"/></item>
<item name="NumNodesOfType_Active_DUMMY" rev="35">
<attrib name="value" value="4340"/></item>
<item name="NumNodesOfType_Active_DUMMYESC" rev="35">
<attrib name="value" value="37"/></item>
<item name="NumNodesOfType_Active_GLOBAL" rev="35">
<attrib name="value" value="102"/></item>
<item name="NumNodesOfType_Active_HFULLHEX" rev="35">
<attrib name="value" value="81"/></item>
<item name="NumNodesOfType_Active_HLONG" rev="35">
<attrib name="value" value="16"/></item>
<item name="NumNodesOfType_Active_HUNIHEX" rev="35">
<attrib name="value" value="537"/></item>
<item name="NumNodesOfType_Active_INPUT" rev="35">
<attrib name="value" value="4887"/></item>
<item name="NumNodesOfType_Active_IOBOUTPUT" rev="35">
<attrib name="value" value="37"/></item>
<item name="NumNodesOfType_Active_OMUX" rev="35">
<attrib name="value" value="1300"/></item>
<item name="NumNodesOfType_Active_OUTPUT" rev="35">
<attrib name="value" value="1523"/></item>
<item name="NumNodesOfType_Active_PREBXBY" rev="35">
<attrib name="value" value="1609"/></item>
<item name="NumNodesOfType_Active_VFULLHEX" rev="35">
<attrib name="value" value="373"/></item>
<item name="NumNodesOfType_Active_VLONG" rev="35">
<attrib name="value" value="114"/></item>
<item name="NumNodesOfType_Active_VUNIHEX" rev="35">
<attrib name="value" value="663"/></item>
<item name="NumNodesOfType_Gnd_DOUBLE" rev="35">
<attrib name="value" value="2"/></item>
<item name="NumNodesOfType_Gnd_INPUT" rev="35">
<attrib name="value" value="6"/></item>
<item name="NumNodesOfType_Gnd_OMUX" rev="35">
<attrib name="value" value="6"/></item>
<item name="NumNodesOfType_Gnd_OUTPUT" rev="35">
<attrib name="value" value="5"/></item>
<item name="NumNodesOfType_Gnd_PREBXBY" rev="35">
<attrib name="value" value="1"/></item>
</group>
<group name="SiteStatistics">
<item name="IBUF-DIFFM" rev="35">
<attrib name="value" value="3"/></item>
<item name="IBUF-DIFFMI" rev="35">
<attrib name="value" value="1"/></item>
<item name="IBUF-DIFFS" rev="35">
<attrib name="value" value="1"/></item>
<item name="IOB-DIFFM" rev="35">
<attrib name="value" value="44"/></item>
<item name="IOB-DIFFS" rev="35">
<attrib name="value" value="50"/></item>
<item name="SLICEL-SLICEM" rev="35">
<attrib name="value" value="381"/></item>
</group>
<group name="MiscellaneousStatistics">
<item name="AGG_BONDED_IO" rev="36">
<attrib name="value" value="111"/></item>
<item name="AGG_IO" rev="36">
<attrib name="value" value="111"/></item>
<item name="AGG_SLICE" rev="36">
<attrib name="value" value="846"/></item>
<item name="NUM_4_INPUT_LUT" rev="36">
<attrib name="value" value="1338"/></item>
<item name="NUM_BONDED_IBUF" rev="36">
<attrib name="value" value="5"/></item>
<item name="NUM_BONDED_IOB" rev="36">
<attrib name="value" value="106"/></item>
<item name="NUM_BUFGMUX" rev="36">
<attrib name="value" value="1"/></item>
<item name="NUM_CYMUX" rev="36">
<attrib name="value" value="69"/></item>
<item name="NUM_LUT_RT" rev="36">
<attrib name="value" value="16"/></item>
<item name="NUM_SLICEL" rev="36">
<attrib name="value" value="846"/></item>
<item name="NUM_SLICE_FF" rev="36">
<attrib name="value" value="440"/></item>
<item name="NUM_XOR" rev="36">
<attrib name="value" value="48"/></item>
</group>
</DesignStatistics>
<ReportConfigData TimeStamp="Wed Nov 30 23:00:55 2016"><group name="SLICEL_CYMUXF">
<item name="0" rev="35">
<attrib name="0" value="35"/><attrib name="0_INV" value="0"/></item>
<item name="1" rev="35">
<attrib name="1_INV" value="0"/><attrib name="1" value="35"/></item>
</group>
<group name="SLICEL_CYMUXG">
<item name="0" rev="35">
<attrib name="0" value="33"/><attrib name="0_INV" value="0"/></item>
</group>
<group name="IBUF_PAD">
<item name="IOATTRBOX" rev="35">
<attrib name="LVCMOS25" value="5"/></item>
</group>
<group name="SLICEL">
<item name="BX" rev="35">
<attrib name="BX_INV" value="0"/><attrib name="BX" value="236"/></item>
<item name="BY" rev="35">
<attrib name="BY" value="179"/><attrib name="BY_INV" value="4"/></item>
<item name="CE" rev="35">
<attrib name="CE" value="208"/><attrib name="CE_INV" value="106"/></item>
<item name="CIN" rev="35">
<attrib name="CIN_INV" value="0"/><attrib name="CIN" value="31"/></item>
<item name="CLK" rev="35">
<attrib name="CLK" value="314"/><attrib name="CLK_INV" value="1"/></item>
<item name="SR" rev="35">
<attrib name="SR" value="0"/><attrib name="SR_INV" value="252"/></item>
</group>
<group name="IOB_OUTBUF">
<item name="IN" rev="35">
<attrib name="IN_INV" value="0"/><attrib name="IN" value="106"/></item>
<item name="TRI" rev="35">
<attrib name="TRI_INV" value="0"/><attrib name="TRI" value="32"/></item>
</group>
<group name="SLICEL_FFX">
<item name="CE" rev="35">
<attrib name="CE" value="167"/><attrib name="CE_INV" value="94"/></item>
<item name="CK" rev="35">
<attrib name="CK" value="261"/><attrib name="CK_INV" value="0"/></item>
<item name="D" rev="35">
<attrib name="D" value="261"/><attrib name="D_INV" value="0"/></item>
<item name="FFX_INIT_ATTR" rev="35">
<attrib name="INIT0" value="259"/><attrib name="INIT1" value="2"/></item>
<item name="FFX_SR_ATTR" rev="35">
<attrib name="SRLOW" value="260"/><attrib name="SRHIGH" value="1"/></item>
<item name="LATCH_OR_FF" rev="35">
<attrib name="FF" value="261"/></item>
<item name="SR" rev="35">
<attrib name="SR" value="0"/><attrib name="SR_INV" value="216"/></item>
<item name="SYNC_ATTR" rev="35">
<attrib name="ASYNC" value="261"/></item>
</group>
<group name="SLICEL_XORF">
<item name="1" rev="35">
<attrib name="1_INV" value="0"/><attrib name="1" value="24"/></item>
</group>
<group name="SLICEL_FFY">
<item name="CE" rev="35">
<attrib name="CE" value="199"/><attrib name="CE_INV" value="26"/></item>
<item name="CK" rev="35">
<attrib name="CK" value="225"/><attrib name="CK_INV" value="1"/></item>
<item name="D" rev="35">
<attrib name="D" value="222"/><attrib name="D_INV" value="4"/></item>
<item name="FFY_INIT_ATTR" rev="35">
<attrib name="INIT0" value="221"/><attrib name="INIT1" value="5"/></item>
<item name="FFY_SR_ATTR" rev="35">
<attrib name="SRLOW" value="221"/><attrib name="SRHIGH" value="5"/></item>
<item name="LATCH_OR_FF" rev="35">
<attrib name="FF" value="226"/></item>
<item name="SR" rev="35">
<attrib name="SR" value="0"/><attrib name="SR_INV" value="169"/></item>
<item name="SYNC_ATTR" rev="35">
<attrib name="ASYNC" value="226"/></item>
</group>
<group name="BUFGMUX_GCLKMUX">
<item name="DISABLE_ATTR" rev="35">
<attrib name="LOW" value="1"/></item>
<item name="S" rev="35">
<attrib name="S_INV" value="1"/><attrib name="S" value="0"/></item>
</group>
<group name="SLICEL_F5MUX">
<item name="S0" rev="35">
<attrib name="S0" value="92"/><attrib name="S0_INV" value="0"/></item>
</group>
<group name="IOB_PAD">
<item name="DRIVEATTRBOX" rev="35">
<attrib name="12" value="106"/></item>
<item name="IOATTRBOX" rev="35">
<attrib name="LVCMOS25" value="106"/></item>
<item name="SLEW" rev="35">
<attrib name="SLOW" value="106"/></item>
</group>
<group name="IOB">
<item name="O1" rev="35">
<attrib name="O1_INV" value="0"/><attrib name="O1" value="106"/></item>
<item name="T1" rev="35">
<attrib name="T1_INV" value="0"/><attrib name="T1" value="32"/></item>
</group>
<group name="BUFGMUX">
<item name="S" rev="35">
<attrib name="S_INV" value="1"/><attrib name="S" value="0"/></item>
</group>
</ReportConfigData>
<ReportPinData TimeStamp="Wed Nov 30 23:00:55 2016"><group name="SLICEL_CYMUXF">
<item name="0" rev="35">
<attrib name="value" value="35"/></item>
<item name="1" rev="35">
<attrib name="value" value="35"/></item>
<item name="OUT" rev="35">
<attrib name="value" value="35"/></item>
<item name="S0" rev="35">
<attrib name="value" value="35"/></item>
</group>
<group name="SLICEL_CYMUXG">
<item name="0" rev="35">
<attrib name="value" value="33"/></item>
<item name="1" rev="35">
<attrib name="value" value="33"/></item>
<item name="OUT" rev="35">
<attrib name="value" value="33"/></item>
<item name="S0" rev="35">
<attrib name="value" value="33"/></item>
</group>
<group name="IBUF_PAD">
<item name="PAD" rev="35">
<attrib name="value" value="5"/></item>
</group>
<group name="IBUF_INBUF">
<item name="IN" rev="35">
<attrib name="value" value="5"/></item>
<item name="OUT" rev="35">
<attrib name="value" value="5"/></item>
</group>
<group name="BUFGMUX_GCLK_BUFFER">
<item name="IN" rev="35">
<attrib name="value" value="1"/></item>
<item name="OUT" rev="35">
<attrib name="value" value="1"/></item>
</group>
<group name="SLICEL">
<item name="BX" rev="35">
<attrib name="value" value="236"/></item>
<item name="BY" rev="35">
<attrib name="value" value="183"/></item>
<item name="CE" rev="35">
<attrib name="value" value="314"/></item>
<item name="CIN" rev="35">
<attrib name="value" value="31"/></item>
<item name="CLK" rev="35">
<attrib name="value" value="315"/></item>
<item name="COUT" rev="35">
<attrib name="value" value="33"/></item>
<item name="F1" rev="35">
<attrib name="value" value="622"/></item>
<item name="F2" rev="35">
<attrib name="value" value="613"/></item>
<item name="F3" rev="35">
<attrib name="value" value="557"/></item>
<item name="F4" rev="35">
<attrib name="value" value="401"/></item>
<item name="G1" rev="35">
<attrib name="value" value="606"/></item>
<item name="G2" rev="35">
<attrib name="value" value="599"/></item>
<item name="G3" rev="35">
<attrib name="value" value="536"/></item>
<item name="G4" rev="35">
<attrib name="value" value="405"/></item>
<item name="SR" rev="35">
<attrib name="value" value="252"/></item>
<item name="X" rev="35">
<attrib name="value" value="531"/></item>
<item name="XQ" rev="35">
<attrib name="value" value="261"/></item>
<item name="Y" rev="35">
<attrib name="value" value="469"/></item>
<item name="YQ" rev="35">
<attrib name="value" value="226"/></item>
</group>
<group name="IOB_OUTBUF">
<item name="IN" rev="35">
<attrib name="value" value="106"/></item>
<item name="OUT" rev="35">
<attrib name="value" value="106"/></item>
<item name="TRI" rev="35">
<attrib name="value" value="32"/></item>
</group>
<group name="IBUF">
<item name="I" rev="35">
<attrib name="value" value="5"/></item>
<item name="PAD" rev="35">
<attrib name="value" value="5"/></item>
</group>
<group name="IOB_INBUF">
<item name="IN" rev="35">
<attrib name="value" value="32"/></item>
<item name="OUT" rev="35">
<attrib name="value" value="32"/></item>
</group>
<group name="SLICEL_FFX">
<item name="CE" rev="35">
<attrib name="value" value="261"/></item>
<item name="CK" rev="35">
<attrib name="value" value="261"/></item>
<item name="D" rev="35">
<attrib name="value" value="261"/></item>
<item name="Q" rev="35">
<attrib name="value" value="261"/></item>
<item name="SR" rev="35">
<attrib name="value" value="216"/></item>
</group>
<group name="SLICEL_XORF">
<item name="0" rev="35">
<attrib name="value" value="24"/></item>
<item name="1" rev="35">
<attrib name="value" value="24"/></item>
<item name="O" rev="35">
<attrib name="value" value="24"/></item>
</group>
<group name="SLICEL_FFY">
<item name="CE" rev="35">
<attrib name="value" value="225"/></item>
<item name="CK" rev="35">
<attrib name="value" value="226"/></item>
<item name="D" rev="35">
<attrib name="value" value="226"/></item>
<item name="Q" rev="35">
<attrib name="value" value="226"/></item>
<item name="SR" rev="35">
<attrib name="value" value="169"/></item>
</group>
<group name="SLICEL_XORG">
<item name="0" rev="35">
<attrib name="value" value="23"/></item>
<item name="1" rev="35">
<attrib name="value" value="23"/></item>
<item name="O" rev="35">
<attrib name="value" value="23"/></item>
</group>
<group name="BUFGMUX_GCLKMUX">
<item name="I0" rev="35">
<attrib name="value" value="1"/></item>
<item name="OUT" rev="35">
<attrib name="value" value="1"/></item>
<item name="S" rev="35">
<attrib name="value" value="1"/></item>
</group>
<group name="SLICEL_F5MUX">
<item name="F" rev="35">
<attrib name="value" value="92"/></item>
<item name="G" rev="35">
<attrib name="value" value="92"/></item>
<item name="OUT" rev="35">
<attrib name="value" value="92"/></item>
<item name="S0" rev="35">
<attrib name="value" value="92"/></item>
</group>
<group name="IOB_PAD">
<item name="PAD" rev="35">
<attrib name="value" value="106"/></item>
</group>
<group name="IOB">
<item name="I" rev="35">
<attrib name="value" value="32"/></item>
<item name="O1" rev="35">
<attrib name="value" value="106"/></item>
<item name="PAD" rev="35">
<attrib name="value" value="106"/></item>
<item name="T1" rev="35">
<attrib name="value" value="32"/></item>
</group>
<group name="SLICEL_C1VDD">
<item name="1" rev="35">
<attrib name="value" value="1"/></item>
</group>
<group name="BUFGMUX">
<item name="I0" rev="35">
<attrib name="value" value="1"/></item>
<item name="O" rev="35">
<attrib name="value" value="1"/></item>
<item name="S" rev="35">
<attrib name="value" value="1"/></item>
</group>
<group name="SLICEL_F">
<item name="A1" rev="35">
<attrib name="value" value="622"/></item>
<item name="A2" rev="35">
<attrib name="value" value="613"/></item>
<item name="A3" rev="35">
<attrib name="value" value="557"/></item>
<item name="A4" rev="35">
<attrib name="value" value="401"/></item>
<item name="D" rev="35">
<attrib name="value" value="623"/></item>
</group>
<group name="SLICEL_G">
<item name="A1" rev="35">
<attrib name="value" value="606"/></item>
<item name="A2" rev="35">
<attrib name="value" value="599"/></item>
<item name="A3" rev="35">
<attrib name="value" value="536"/></item>
<item name="A4" rev="35">
<attrib name="value" value="405"/></item>
<item name="D" rev="35">
<attrib name="value" value="607"/></item>
</group>
<group name="SLICEL_GNDF">
<item name="0" rev="35">
<attrib name="value" value="10"/></item>
</group>
<group name="SLICEL_GNDG">
<item name="0" rev="35">
<attrib name="value" value="11"/></item>
</group>
</ReportPinData>
<CmdHistory>
</CmdHistory>
</DeviceUsageSummary>
