#Release 14.7 - par P.20131013 (nt64)
#Copyright (c) 1995-2013 Xilinx, Inc.  All rights reserved.

#Tue Nov 29 12:51:33 2016

#
## NOTE: This file is designed to be imported into a spreadsheet program
# such as Microsoft Excel for viewing, printing and sorting. The |
# character is used as the data field separator. This file is also designed
# to support parsing.
#
#INPUT FILE:       InstructionFetch_map.ncd
#OUTPUT FILE:      InstructionFetch_pad.csv
#PART TYPE:        xc3s1200e
#SPEED GRADE:      -4
#PACKAGE:          fg320
#
# Pinout by Pin Number:
# 
# -----,-----,-----,-----,-----,-----,-----,-----,-----,-----,-----,-----,-----,-----,-----,
Pin Number,Signal Name,Pin Usage,Pin Name,Direction,IO Standard,IO Bank Number,Drive (mA),Slew Rate,Termination,IOB Delay,Voltage,Constraint,IO Register,Signal Integrity,
A1,,,GND,,,,,,,,,,,,
A2,,,TDI,,,,,,,,,,,,
A3,,IBUF,IP,UNUSED,,0,,,,,,,,,
A4,ram2_addr<6>,IOB,IO_L24P_0,OUTPUT,LVCMOS25*,0,12,SLOW,NONE**,,,UNLOCATED,NO,NONE,
A5,,DIFFMI,IP_L22P_0,UNUSED,,0,,,,,,,,,
A6,ram2_addr<3>,IOB,IO_L20N_0,OUTPUT,LVCMOS25*,0,12,SLOW,NONE**,,,UNLOCATED,NO,NONE,
A7,ram2_addr<15>,IOB,IO,OUTPUT,LVCMOS25*,0,12,SLOW,NONE**,,,UNLOCATED,NO,NONE,
A8,if_wboraddr<10>,IBUF,IO,INPUT,LVCMOS25*,0,,,,NONE,,UNLOCATED,NO,NONE,
A9,,,VCCO_0,,,0,,,,,2.50,,,,
A10,if_memwritedata<11>,IBUF,IO_L12N_0/GCLK7,INPUT,LVCMOS25*,0,,,,IFD,,UNLOCATED,YES,NONE,
A11,mem_inst<9>,IOB,IO,OUTPUT,LVCMOS25*,0,12,SLOW,NONE**,,,UNLOCATED,YES,NONE,
A12,mem_inst<11>,IOB,IO,OUTPUT,LVCMOS25*,0,12,SLOW,NONE**,,,UNLOCATED,YES,NONE,
A13,,DIFFM,IO_L05P_0,UNUSED,,0,,,,,,,,,
A14,,DIFFS,IO_L04N_0,UNUSED,,0,,,,,,,,,
A15,,DIFFSI,IP_L02N_0,UNUSED,,0,,,,,,,,,
A16,,DIFFS,IO_L01N_0,UNUSED,,0,,,,,,,,,
A17,,,TCK,,,,,,,,,,,,
A18,,,GND,,,,,,,,,,,,
B1,,,PROG_B,,,,,,,,,,,,
B2,,,GND,,,,,,,,,,,,
B3,ram2_addr<17>,IOB,IO_L25N_0/HSWAP,OUTPUT,LVCMOS25*,0,12,SLOW,NONE**,,,UNLOCATED,NO,NONE,
B4,ram2_addr<2>,IOB,IO_L24N_0,OUTPUT,LVCMOS25*,0,12,SLOW,NONE**,,,UNLOCATED,NO,NONE,
B5,,DIFFSI,IP_L22N_0,UNUSED,,0,,,,,,,,,
B6,id_inst<15>,IOB,IO_L20P_0,OUTPUT,LVCMOS25*,0,12,SLOW,NONE**,,,UNLOCATED,YES,NONE,
B7,,,VCCAUX,,,,,,,,2.5,,,,
B8,if_memwritedata<12>,IBUF,IP_L13P_0/GCLK8,INPUT,LVCMOS25*,0,,,,IFD,,UNLOCATED,YES,NONE,
B9,clk,IBUF,IP_L13N_0/GCLK9,INPUT,LVCMOS25*,0,,,,NONE,,UNLOCATED,NO,NONE,
B10,mem_inst<15>,IOB,IO_L12P_0/GCLK6,OUTPUT,LVCMOS25*,0,12,SLOW,NONE**,,,UNLOCATED,YES,NONE,
B11,if_memwritedata<10>,IBUF,IO/VREF_0,INPUT,LVCMOS25*,0,,,,IFD,,UNLOCATED,YES,NONE,
B12,,,VCCAUX,,,,,,,,2.5,,,,
B13,,DIFFS,IO_L05N_0/VREF_0,UNUSED,,0,,,,,,,,,
B14,clk25,IBUF,IO_L04P_0,INPUT,LVCMOS25*,0,,,,NONE,,UNLOCATED,NO,NONE,
B15,if_memwritedata<0>,IBUF,IP_L02P_0,INPUT,LVCMOS25*,0,,,,IFD,,UNLOCATED,YES,NONE,
B16,ram2_en,IOB,IO_L01P_0,OUTPUT,LVCMOS25*,0,12,SLOW,NONE**,,,UNLOCATED,NO,NONE,
B17,,,GND,,,,,,,,,,,,
B18,,IBUF,IP,UNUSED,,1,,,,,,,,,
C1,id_inst<0>,IOB,IO_L01P_3,OUTPUT,LVCMOS25*,3,12,SLOW,NONE**,,,UNLOCATED,YES,NONE,
C2,id_inst<1>,IOB,IO_L01N_3,OUTPUT,LVCMOS25*,3,12,SLOW,NONE**,,,UNLOCATED,YES,NONE,
C3,ram2_addr<16>,IOB,IO_L25P_0,OUTPUT,LVCMOS25*,0,12,SLOW,NONE**,,,UNLOCATED,NO,NONE,
C4,ram2_addr<7>,IOB,IO,OUTPUT,LVCMOS25*,0,12,SLOW,NONE**,,,UNLOCATED,NO,NONE,
C5,ram2_addr<1>,IOB,IO_L23P_0,OUTPUT,LVCMOS25*,0,12,SLOW,NONE**,,,UNLOCATED,NO,NONE,
C6,,,VCCO_0,,,0,,,,,2.50,,,,
C7,ram2_we,IOB,IO_L18P_0,OUTPUT,LVCMOS25*,0,12,SLOW,NONE**,,,UNLOCATED,YES,NONE,
C8,if_memwritedata<15>,IBUF,IP_L16P_0,INPUT,LVCMOS25*,0,,,,IFD,,UNLOCATED,YES,NONE,
C9,if_memwritedata<14>,IBUF,IO_L14P_0/GCLK10,INPUT,LVCMOS25*,0,,,,IFD,,UNLOCATED,YES,NONE,
C10,,,GND,,,,,,,,,,,,
C11,mem_inst<14>,IOB,IO_L09P_0,OUTPUT,LVCMOS25*,0,12,SLOW,NONE**,,,UNLOCATED,YES,NONE,
C12,if_memwritedata<2>,IBUF,IP_L07P_0,INPUT,LVCMOS25*,0,,,,IFD,,UNLOCATED,YES,NONE,
C13,,,VCCO_0,,,0,,,,,2.50,,,,
C14,,DIFFS,IO_L03N_0/VREF_0,UNUSED,,0,,,,,,,,,
C15,if_flush_from_id,IBUF,IP,INPUT,LVCMOS25*,0,,,,NONE,,UNLOCATED,NO,NONE,
C16,,,TDO,,,,,,,,,,,,
C17,,DIFFS,IO_L24N_1/LDC2,UNUSED,,1,,,,,,,,,
C18,,DIFFM,IO_L24P_1/LDC1,UNUSED,,1,,,,,,,,,
D1,id_inst<2>,IOB,IO_L02P_3,OUTPUT,LVCMOS25*,3,12,SLOW,NONE**,,,UNLOCATED,YES,NONE,
D2,id_inst<3>,IOB,IO_L02N_3/VREF_3,OUTPUT,LVCMOS25*,3,12,SLOW,NONE**,,,UNLOCATED,YES,NONE,
D3,if_wboraddr<0>,IBUF,IP,INPUT,LVCMOS25*,3,,,,NONE,,UNLOCATED,NO,NONE,
D4,id_inst<4>,IOB,IO,OUTPUT,LVCMOS25*,3,12,SLOW,NONE**,,,UNLOCATED,YES,NONE,
D5,id_inst<14>,IOB,IO_L23N_0/VREF_0,OUTPUT,LVCMOS25*,0,12,SLOW,NONE**,,,UNLOCATED,YES,NONE,
D6,ram2_addr<0>,IOB,IO_L21P_0,OUTPUT,LVCMOS25*,0,12,SLOW,NONE**,,,UNLOCATED,NO,NONE,
D7,ram2_addr<10>,IOB,IO_L18N_0/VREF_0,OUTPUT,LVCMOS25*,0,12,SLOW,NONE**,,,UNLOCATED,NO,NONE,
D8,,DIFFSI,IP_L16N_0,UNUSED,,0,,,,,,,,,
D9,if_memwritedata<9>,IBUF,IO_L14N_0/GCLK11,INPUT,LVCMOS25*,0,,,,IFD,,UNLOCATED,YES,NONE,
D10,if_memwritedata<7>,IBUF,IO_L11P_0/GCLK4,INPUT,LVCMOS25*,0,,,,IFD,,UNLOCATED,YES,NONE,
D11,if_memwritedata<4>,IBUF,IO_L09N_0,INPUT,LVCMOS25*,0,,,,IFD,,UNLOCATED,YES,NONE,
D12,if_memwritedata<3>,IBUF,IP_L07N_0,INPUT,LVCMOS25*,0,,,,IFD,,UNLOCATED,YES,NONE,
D13,,IOB,IO,UNUSED,,0,,,,,,,,,
D14,if_memwritedata<1>,IBUF,IO_L03P_0,INPUT,LVCMOS25*,0,,,,IFD,,UNLOCATED,YES,NONE,
D15,,,TMS,,,,,,,,,,,,
D16,,DIFFS,IO_L23N_1/LDC0,UNUSED,,1,,,,,,,,,
D17,,DIFFM,IO_L23P_1/HDC,UNUSED,,1,,,,,,,,,
D18,,IBUF,IP/VREF_1,UNUSED,,1,,,,,,,,,
E1,if_wboraddr<14>,IBUF,IO_L03N_3,INPUT,LVCMOS25*,3,,,,NONE,,UNLOCATED,NO,NONE,
E2,id_inst<5>,IOB,IO_L03P_3,OUTPUT,LVCMOS25*,3,12,SLOW,NONE**,,,UNLOCATED,YES,NONE,
E3,ram2_addr<14>,IOB,IO_L04N_3,OUTPUT,LVCMOS25*,3,12,SLOW,NONE**,,,UNLOCATED,NO,NONE,
E4,id_inst<12>,IOB,IO_L04P_3,OUTPUT,LVCMOS25*,3,12,SLOW,NONE**,,,UNLOCATED,YES,NONE,
E5,,,VCCINT,,,,,,,,1.2,,,,
E6,ram2_addr<8>,IOB,IO_L21N_0,OUTPUT,LVCMOS25*,0,12,SLOW,NONE**,,,UNLOCATED,NO,NONE,
E7,id_pc<1>,IOB,IO_L19N_0/VREF_0,OUTPUT,LVCMOS25*,0,12,SLOW,NONE**,,,UNLOCATED,NO,NONE,
E8,if_memwritedata<13>,IBUF,IO_L17P_0,INPUT,LVCMOS25*,0,,,,IFD,,UNLOCATED,YES,NONE,
E9,id_inst<7>,IOB,IO_L15P_0,OUTPUT,LVCMOS25*,0,12,SLOW,NONE**,,,UNLOCATED,YES,NONE,
E10,if_memwritedata<8>,IBUF,IO_L11N_0/GCLK5,INPUT,LVCMOS25*,0,,,,IFD,,UNLOCATED,YES,NONE,
E11,mem_inst<12>,IOB,IO_L08P_0,OUTPUT,LVCMOS25*,0,12,SLOW,NONE**,,,UNLOCATED,YES,NONE,
E12,,DIFFS,IO_L06N_0,UNUSED,,0,,,,,,,,,
E13,,IOB,IO,UNUSED,,0,,,,,,,,,
E14,,,VCCINT,,,,,,,,1.2,,,,
E15,,DIFFM,IO_L22P_1,UNUSED,,1,,,,,,,,,
E16,,DIFFS,IO_L22N_1,UNUSED,,1,,,,,,,,,
E17,,IBUF,IP,UNUSED,,1,,,,,,,,,
E18,,IBUF,IP,UNUSED,,1,,,,,,,,,
F1,if_wboraddr<13>,IBUF,IO_L05P_3,INPUT,LVCMOS25*,3,,,,NONE,,UNLOCATED,NO,NONE,
F2,if_wboraddr<11>,IBUF,IO_L05N_3,INPUT,LVCMOS25*,3,,,,NONE,,UNLOCATED,NO,NONE,
F3,,,VCCO_3,,,3,,,,,2.50,,,,
F4,if_wboraddr<1>,IBUF,IP,INPUT,LVCMOS25*,3,,,,NONE,,UNLOCATED,NO,NONE,
F5,if_wboraddr<2>,IBUF,IP,INPUT,LVCMOS25*,3,,,,NONE,,UNLOCATED,NO,NONE,
F6,,,VCCINT,,,,,,,,1.2,,,,
F7,ram2_oe,IOB,IO_L19P_0,OUTPUT,LVCMOS25*,0,12,SLOW,NONE**,,,UNLOCATED,YES,NONE,
F8,ram2_addr<11>,IOB,IO_L17N_0,OUTPUT,LVCMOS25*,0,12,SLOW,NONE**,,,UNLOCATED,NO,NONE,
F9,id_inst<8>,IOB,IO_L15N_0,OUTPUT,LVCMOS25*,0,12,SLOW,NONE**,,,UNLOCATED,YES,NONE,
F10,if_memwritedata<5>,IBUF,IP_L10P_0,INPUT,LVCMOS25*,0,,,,IFD,,UNLOCATED,YES,NONE,
F11,mem_inst<13>,IOB,IO_L08N_0,OUTPUT,LVCMOS25*,0,12,SLOW,NONE**,,,UNLOCATED,YES,NONE,
F12,,DIFFM,IO_L06P_0,UNUSED,,0,,,,,,,,,
F13,,,VCCINT,,,,,,,,1.2,,,,
F14,,DIFFS,IO_L21N_1,UNUSED,,1,,,,,,,,,
F15,,DIFFM,IO_L21P_1,UNUSED,,1,,,,,,,,,
F16,,,VCCO_1,,,1,,,,,2.50,,,,
F17,mem_inst<2>,IOB,IO_L19N_1,OUTPUT,LVCMOS25*,1,12,SLOW,NONE**,,,UNLOCATED,YES,NONE,
F18,mem_inst<4>,IOB,IO_L19P_1,OUTPUT,LVCMOS25*,1,12,SLOW,NONE**,,,UNLOCATED,YES,NONE,
G1,if_wboraddr<3>,IBUF,IP,INPUT,LVCMOS25*,3,,,,NONE,,UNLOCATED,NO,NONE,
G2,,,VCCAUX,,,,,,,,2.5,,,,
G3,ram2_addr<13>,IOB,IO_L06P_3,OUTPUT,LVCMOS25*,3,12,SLOW,NONE**,,,UNLOCATED,NO,NONE,
G4,if_wboraddr<12>,IBUF,IO_L06N_3/VREF_3,INPUT,LVCMOS25*,3,,,,NONE,,UNLOCATED,NO,NONE,
G5,ram2_addr<12>,IOB,IO_L07N_3,OUTPUT,LVCMOS25*,3,12,SLOW,NONE**,,,UNLOCATED,NO,NONE,
G6,id_pc<3>,IOB,IO_L07P_3,OUTPUT,LVCMOS25*,3,12,SLOW,NONE**,,,UNLOCATED,NO,NONE,
G7,,,GND,,,,,,,,,,,,
G8,,,VCCO_0,,,0,,,,,2.50,,,,
G9,if_memwrite,IBUF,IO,INPUT,LVCMOS25*,0,,,,NONE,,UNLOCATED,NO,NONE,
G10,if_memwritedata<6>,IBUF,IP_L10N_0,INPUT,LVCMOS25*,0,,,,IFD,,UNLOCATED,YES,NONE,
G11,,,VCCO_0,,,0,,,,,2.50,,,,
G12,,,GND,,,,,,,,,,,,
G13,,DIFFS,IO_L20N_1,UNUSED,,1,,,,,,,,,
G14,,DIFFM,IO_L20P_1,UNUSED,,1,,,,,,,,,
G15,,DIFFM,IO_L18P_1,UNUSED,,1,,,,,,,,,
G16,mem_inst<3>,IOB,IO_L18N_1,OUTPUT,LVCMOS25*,1,12,SLOW,NONE**,,,UNLOCATED,YES,NONE,
G17,,,VCCAUX,,,,,,,,2.5,,,,
G18,,IBUF,IP,UNUSED,,1,,,,,,,,,
H1,ram2_addr<5>,IOB,IO_L10N_3,OUTPUT,LVCMOS25*,3,12,SLOW,NONE**,,,UNLOCATED,NO,NONE,
H2,ram2_addr<9>,IOB,IO_L10P_3,OUTPUT,LVCMOS25*,3,12,SLOW,NONE**,,,UNLOCATED,NO,NONE,
H3,if_wboraddr<7>,IBUF,IO_L09N_3,INPUT,LVCMOS25*,3,,,,NONE,,UNLOCATED,NO,NONE,
H4,id_inst<13>,IOB,IO_L09P_3,OUTPUT,LVCMOS25*,3,12,SLOW,NONE**,,,UNLOCATED,YES,NONE,
H5,if_wboraddr<5>,IBUF,IO_L08N_3,INPUT,LVCMOS25*,3,,,,NONE,,UNLOCATED,NO,NONE,
H6,if_wboraddr<6>,IBUF,IO_L08P_3,INPUT,LVCMOS25*,3,,,,NONE,,UNLOCATED,NO,NONE,
H7,,,VCCO_3,,,3,,,,,2.50,,,,
H8,,,GND,,,,,,,,,,,,
H9,,,GND,,,,,,,,,,,,
H10,,,GND,,,,,,,,,,,,
H11,,,GND,,,,,,,,,,,,
H12,,,VCCO_1,,,1,,,,,2.50,,,,
H13,,IBUF,IP,UNUSED,,1,,,,,,,,,
H14,mem_inst<0>,IOB,IO_L17P_1,OUTPUT,LVCMOS25*,1,12,SLOW,NONE**,,,UNLOCATED,YES,NONE,
H15,mem_inst<1>,IOB,IO_L17N_1,OUTPUT,LVCMOS25*,1,12,SLOW,NONE**,,,UNLOCATED,YES,NONE,
H16,,DIFFM,IO_L16P_1,UNUSED,,1,,,,,,,,,
H17,mem_inst<8>,IOB,IO_L16N_1/A0,OUTPUT,LVCMOS25*,1,12,SLOW,NONE**,,,UNLOCATED,YES,NONE,
H18,,IBUF,IP/VREF_1,UNUSED,,1,,,,,,,,,
J1,id_inst<9>,IOB,IO_L12P_3/LHCLK2,OUTPUT,LVCMOS25*,3,12,SLOW,NONE**,,,UNLOCATED,YES,NONE,
J2,id_inst<6>,IOB,IO_L12N_3/LHCLK3/IRDY2,OUTPUT,LVCMOS25*,3,12,SLOW,NONE**,,,UNLOCATED,YES,NONE,
J3,,,GND,,,,,,,,,,,,
J4,ram2_addr<4>,IOB,IO_L11N_3/LHCLK1,OUTPUT,LVCMOS25*,3,12,SLOW,NONE**,,,UNLOCATED,NO,NONE,
J5,if_wboraddr<9>,IBUF,IO_L11P_3/LHCLK0,INPUT,LVCMOS25*,3,,,,NONE,,UNLOCATED,NO,NONE,
J6,if_wboraddr<8>,IBUF,IP/VREF_3,INPUT,LVCMOS25*,3,,,,NONE,,UNLOCATED,NO,NONE,
J7,if_wboraddr<4>,IBUF,IP,INPUT,LVCMOS25*,3,,,,NONE,,UNLOCATED,NO,NONE,
J8,,,GND,,,,,,,,,,,,
J11,,,GND,,,,,,,,,,,,
J12,,DIFFM,IO_L15P_1/A2,UNUSED,,1,,,,,,,,,
J13,mem_inst<7>,IOB,IO_L15N_1/A1,OUTPUT,LVCMOS25*,1,12,SLOW,NONE**,,,UNLOCATED,YES,NONE,
J14,mem_inst<6>,IOB,IO_L14N_1/A3/RHCLK7,OUTPUT,LVCMOS25*,1,12,SLOW,NONE**,,,UNLOCATED,YES,NONE,
J15,,DIFFM,IO_L14P_1/A4/RHCLK6,UNUSED,,1,,,,,,,,,
J16,mem_inst<10>,IOB,IO_L13N_1/A5/RHCLK5,OUTPUT,LVCMOS25*,1,12,SLOW,NONE**,,,UNLOCATED,YES,NONE,
J17,mem_inst<5>,IOB,IO_L13P_1/A6/RHCLK4/IRDY1,OUTPUT,LVCMOS25*,1,12,SLOW,NONE**,,,UNLOCATED,YES,NONE,
J18,,,VCCO_1,,,1,,,,,2.50,,,,
K1,,,VCCO_3,,,3,,,,,2.50,,,,
K2,if_wboraddr<15>,IBUF,IP,INPUT,LVCMOS25*,3,,,,NONE,,UNLOCATED,NO,NONE,
K3,id_inst<11>,IOB,IO_L13P_3/LHCLK4/TRDY2,OUTPUT,LVCMOS25*,3,12,SLOW,NONE**,,,UNLOCATED,YES,NONE,
K4,id_inst<10>,IOB,IO_L13N_3/LHCLK5,OUTPUT,LVCMOS25*,3,12,SLOW,NONE**,,,UNLOCATED,YES,NONE,
K5,id_pc<0>,IOB,IO_L14N_3/LHCLK7,OUTPUT,LVCMOS25*,3,12,SLOW,NONE**,,,UNLOCATED,NO,NONE,
K6,id_pc<2>,IOB,IO_L14P_3/LHCLK6,OUTPUT,LVCMOS25*,3,12,SLOW,NONE**,,,UNLOCATED,NO,NONE,
K7,if_branch<0>,IBUF,IP,INPUT,LVCMOS25*,3,,,,NONE,,UNLOCATED,NO,NONE,
K8,,,GND,,,,,,,,,,,,
K11,,,GND,,,,,,,,,,,,
K12,,DIFFS,IO_L11N_1/A9/RHCLK1,UNUSED,,1,,,,,,,,,
K13,,DIFFM,IO_L11P_1/A10/RHCLK0,UNUSED,,1,,,,,,,,,
K14,,DIFFS,IO_L12N_1/A7/RHCLK3/TRDY1,UNUSED,,1,,,,,,,,,
K15,,DIFFM,IO_L12P_1/A8/RHCLK2,UNUSED,,1,,,,,,,,,
K16,,,GND,,,,,,,,,,,,
K17,,IBUF,IP,UNUSED,,1,,,,,,,,,
K18,,IBUF,IP,UNUSED,,1,,,,,,,,,
L1,id_pc<4>,IOB,IO_L15P_3,OUTPUT,LVCMOS25*,3,12,SLOW,NONE**,,,UNLOCATED,NO,NONE,
L2,id_pc<5>,IOB,IO_L15N_3,OUTPUT,LVCMOS25*,3,12,SLOW,NONE**,,,UNLOCATED,NO,NONE,
L3,id_pc<6>,IOB,IO_L16P_3,OUTPUT,LVCMOS25*,3,12,SLOW,NONE**,,,UNLOCATED,NO,NONE,
L4,id_pc<7>,IOB,IO_L16N_3,OUTPUT,LVCMOS25*,3,12,SLOW,NONE**,,,UNLOCATED,NO,NONE,
L5,id_pc<9>,IOB,IO_L17N_3/VREF_3,OUTPUT,LVCMOS25*,3,12,SLOW,NONE**,,,UNLOCATED,NO,NONE,
L6,id_pc<8>,IOB,IO_L17P_3,OUTPUT,LVCMOS25*,3,12,SLOW,NONE**,,,UNLOCATED,NO,NONE,
L7,,,VCCO_3,,,3,,,,,2.50,,,,
L8,,,GND,,,,,,,,,,,,
L9,,,GND,,,,,,,,,,,,
L10,,,GND,,,,,,,,,,,,
L11,,,GND,,,,,,,,,,,,
L12,,,VCCO_1,,,1,,,,,2.50,,,,
L13,,IBUF,IP,UNUSED,,1,,,,,,,,,
L14,,IBUF,IP,UNUSED,,1,,,,,,,,,
L15,,DIFFS,IO_L09N_1/A11,UNUSED,,1,,,,,,,,,
L16,,DIFFM,IO_L09P_1/A12,UNUSED,,1,,,,,,,,,
L17,,DIFFS,IO_L10N_1/VREF_1,UNUSED,,1,,,,,,,,,
L18,,DIFFM,IO_L10P_1,UNUSED,,1,,,,,,,,,
M1,if_branch<1>,IBUF,IP,INPUT,LVCMOS25*,3,,,,NONE,,UNLOCATED,NO,NONE,
M2,,,VCCAUX,,,,,,,,2.5,,,,
M3,id_pc<11>,IOB,IO_L18N_3,OUTPUT,LVCMOS25*,3,12,SLOW,NONE**,,,UNLOCATED,NO,NONE,
M4,id_pc<10>,IOB,IO_L18P_3,OUTPUT,LVCMOS25*,3,12,SLOW,NONE**,,,UNLOCATED,NO,NONE,
M5,id_pc<12>,IOB,IO_L19P_3,OUTPUT,LVCMOS25*,3,12,SLOW,NONE**,,,UNLOCATED,NO,NONE,
M6,id_pc<13>,IOB,IO_L19N_3,OUTPUT,LVCMOS25*,3,12,SLOW,NONE**,,,UNLOCATED,NO,NONE,
M7,,,GND,,,,,,,,,,,,
M8,,,VCCO_2,,,2,,,,,2.50,,,,
M9,ram2_data<8>,IOB,IO_L12N_2/D6/GCLK13,BIDIR,LVCMOS25*,2,12,SLOW,NONE**,NONE,,UNLOCATED,NO,NONE,
M10,ram2_data<6>,IOB,IO_L16P_2/M0,BIDIR,LVCMOS25*,2,12,SLOW,NONE**,NONE,,UNLOCATED,NO,NONE,
M11,,,VCCO_2,,,2,,,,,2.50,,,,
M12,,,GND,,,,,,,,,,,,
M13,,DIFFS,IO_L05N_1/VREF_1,UNUSED,,1,,,,,,,,,
M14,,DIFFM,IO_L05P_1,UNUSED,,1,,,,,,,,,
M15,,DIFFM,IO_L07P_1,UNUSED,,1,,,,,,,,,
M16,,DIFFS,IO_L07N_1,UNUSED,,1,,,,,,,,,
M17,,,VCCAUX,,,,,,,,2.5,,,,
M18,,DIFFS,IO_L08N_1,UNUSED,,1,,,,,,,,,
N1,if_branch<2>,IBUF,IP,INPUT,LVCMOS25*,3,,,,NONE,,UNLOCATED,NO,NONE,
N2,if_branch<8>,IBUF,IP,INPUT,LVCMOS25*,3,,,,NONE,,UNLOCATED,NO,NONE,
N3,,,VCCO_3,,,3,,,,,2.50,,,,
N4,id_pc<14>,IOB,IO_L20P_3,OUTPUT,LVCMOS25*,3,12,SLOW,NONE**,,,UNLOCATED,NO,NONE,
N5,id_pc<15>,IOB,IO_L20N_3,OUTPUT,LVCMOS25*,3,12,SLOW,NONE**,,,UNLOCATED,NO,NONE,
N6,,,VCCINT,,,,,,,,1.2,,,,
N7,if_jump<11>,IBUF,IO_L07P_2,INPUT,LVCMOS25*,2,,,,NONE,,UNLOCATED,NO,NONE,
N8,ram2_data<1>,IOB,IO_L09N_2,BIDIR,LVCMOS25*,2,12,SLOW,NONE**,NONE,,UNLOCATED,NO,NONE,
N9,ram2_data<14>,IOB,IO_L12P_2/D7/GCLK12,BIDIR,LVCMOS25*,2,12,SLOW,NONE**,NONE,,UNLOCATED,NO,NONE,
N10,ram2_data<5>,IOB,IO_L16N_2/DIN/D0,BIDIR,LVCMOS25*,2,12,SLOW,NONE**,NONE,,UNLOCATED,NO,NONE,
N11,,DIFFS,IO_L18N_2,UNUSED,,2,,,,,,,,,
N12,,DIFFM,IO_L21P_2,UNUSED,,2,,,,,,,,,
N13,,,VCCINT,,,,,,,,1.2,,,,
N14,,DIFFS,IO_L04N_1,UNUSED,,1,,,,,,,,,
N15,,DIFFM,IO_L04P_1,UNUSED,,1,,,,,,,,,
N16,,,VCCO_1,,,1,,,,,2.50,,,,
N17,,IBUF,IP,UNUSED,,1,,,,,,,,,
N18,,DIFFM,IO_L08P_1,UNUSED,,1,,,,,,,,,
P1,if_branch<5>,IBUF,IO_L21N_3,INPUT,LVCMOS25*,3,,,,NONE,,UNLOCATED,NO,NONE,
P2,if_branch<4>,IBUF,IO_L21P_3,INPUT,LVCMOS25*,3,,,,NONE,,UNLOCATED,NO,NONE,
P3,if_branch<7>,IBUF,IO_L22P_3,INPUT,LVCMOS25*,3,,,,NONE,,UNLOCATED,NO,NONE,
P4,if_branch<3>,IBUF,IO_L22N_3,INPUT,LVCMOS25*,3,,,,NONE,,UNLOCATED,NO,NONE,
P5,,,VCCINT,,,,,,,,1.2,,,,
P6,if_jump<7>,IBUF,IO_L05N_2,INPUT,LVCMOS25*,2,,,,NONE,,UNLOCATED,NO,NONE,
P7,if_jump<12>,IBUF,IO_L07N_2,INPUT,LVCMOS25*,2,,,,NONE,,UNLOCATED,NO,NONE,
P8,ram2_data<13>,IOB,IO_L09P_2,BIDIR,LVCMOS25*,2,12,SLOW,NONE**,NONE,,UNLOCATED,NO,NONE,
P9,ram2_data<11>,IOB,IO,BIDIR,LVCMOS25*,2,12,SLOW,NONE**,NONE,,UNLOCATED,NO,NONE,
P10,ram2_data<7>,IOB,IO_L15N_2/D1/GCLK3,BIDIR,LVCMOS25*,2,12,SLOW,NONE**,NONE,,UNLOCATED,NO,NONE,
P11,ram2_data<2>,IOB,IO_L18P_2,BIDIR,LVCMOS25*,2,12,SLOW,NONE**,NONE,,UNLOCATED,NO,NONE,
P12,,DIFFS,IO_L21N_2,UNUSED,,2,,,,,,,,,
P13,,DIFFM,IO_L22P_2/A23,UNUSED,,2,,,,,,,,,
P14,,,VCCINT,,,,,,,,1.2,,,,
P15,,IBUF,IP,UNUSED,,1,,,,,,,,,
P16,,DIFFS,IO,UNUSED,,1,,,,,,,,,
P17,,DIFFM,IO_L06P_1,UNUSED,,1,,,,,,,,,
P18,,DIFFS,IO_L06N_1,UNUSED,,1,,,,,,,,,
R1,if_branch<9>,IBUF,IP,INPUT,LVCMOS25*,3,,,,NONE,,UNLOCATED,NO,NONE,
R2,if_branch<11>,IBUF,IO_L23N_3,INPUT,LVCMOS25*,3,,,,NONE,,UNLOCATED,NO,NONE,
R3,if_branch<10>,IBUF,IO_L23P_3,INPUT,LVCMOS25*,3,,,,NONE,,UNLOCATED,NO,NONE,
R4,if_branch<6>,IBUF,IP/VREF_3,INPUT,LVCMOS25*,3,,,,NONE,,UNLOCATED,NO,NONE,
R5,if_flush_from_exe,IBUF,IO_L04P_2,INPUT,LVCMOS25*,2,,,,NONE,,UNLOCATED,NO,NONE,
R6,if_jump<6>,IBUF,IO_L05P_2,INPUT,LVCMOS25*,2,,,,NONE,,UNLOCATED,NO,NONE,
R7,if_jump<15>,IBUF,IP_L08N_2,INPUT,LVCMOS25*,2,,,,NONE,,UNLOCATED,NO,NONE,
R8,,DIFFM,IO_L10P_2,UNUSED,,2,,,,,,,,,
R9,ram2_data<9>,IOB,IO/D5,BIDIR,LVCMOS25*,2,12,SLOW,NONE**,NONE,,UNLOCATED,NO,NONE,
R10,ram2_data<10>,IOB,IO_L15P_2/D2/GCLK2,BIDIR,LVCMOS25*,2,12,SLOW,NONE**,NONE,,UNLOCATED,NO,NONE,
R11,,IOB,IO,UNUSED,,2,,,,,,,,,
R12,,DIFFS,IO_L20N_2,UNUSED,,2,,,,,,,,,
R13,,DIFFS,IO_L22N_2/A22,UNUSED,,2,,,,,,,,,
R14,,DIFFS,IO_L24N_2/A20,UNUSED,,2,,,,,,,,,
R15,,DIFFM,IO_L03P_1,UNUSED,,1,,,,,,,,,
R16,,DIFFS,IO_L03N_1/VREF_1,UNUSED,,1,,,,,,,,,
R17,,IBUF,IP,UNUSED,,1,,,,,,,,,
R18,,DIFFM,IO_L02P_1/A14,UNUSED,,1,,,,,,,,,
T1,if_branch<13>,IBUF,IO_L24N_3,INPUT,LVCMOS25*,3,,,,NONE,,UNLOCATED,NO,NONE,
T2,if_branch<12>,IBUF,IO_L24P_3,INPUT,LVCMOS25*,3,,,,NONE,,UNLOCATED,NO,NONE,
T3,if_jump<1>,IBUF,IO_L01N_2/INIT_B,INPUT,LVCMOS25*,2,,,,NONE,,UNLOCATED,NO,NONE,
T4,if_jump<2>,IBUF,IO_L03N_2/MOSI/CSI_B,INPUT,LVCMOS25*,2,,,,NONE,,UNLOCATED,NO,NONE,
T5,if_jump<5>,IBUF,IO_L04N_2,INPUT,LVCMOS25*,2,,,,NONE,,UNLOCATED,NO,NONE,
T6,,,VCCO_2,,,2,,,,,2.50,,,,
T7,if_jump<14>,IBUF,IP_L08P_2,INPUT,LVCMOS25*,2,,,,NONE,,UNLOCATED,NO,NONE,
T8,ram2_data<15>,IOB,IO_L10N_2,BIDIR,LVCMOS25*,2,12,SLOW,NONE**,NONE,,UNLOCATED,NO,NONE,
T9,,,GND,,,,,,,,,,,,
T10,,DIFFSI,IP_L14N_2/M2/GCLK1,UNUSED,,2,,,,,,,,,
T11,,DIFFMI,IP_L17P_2,UNUSED,,2,,,,,,,,,
T12,,DIFFM,IO_L20P_2,UNUSED,,2,,,,,,,,,
T13,,,VCCO_2,,,2,,,,,2.50,,,,
T14,,DIFFM,IO_L24P_2/A21,UNUSED,,2,,,,,,,,,
T15,,IOB,IO/VREF_2,UNUSED,,2,,,,,,,,,
T16,,DIFFM,IO_L26P_2/VS0/A17,UNUSED,,2,,,,,,,,,
T17,,DIFFS,IO_L01N_1/A15,UNUSED,,1,,,,,,,,,
T18,,DIFFS,IO_L02N_1/A13,UNUSED,,1,,,,,,,,,
U1,if_branch<14>,IBUF,IP,INPUT,LVCMOS25*,3,,,,NONE,,UNLOCATED,NO,NONE,
U2,,,GND,,,,,,,,,,,,
U3,if_branchjump_ctr<0>,IBUF,IO_L01P_2/CSO_B,INPUT,LVCMOS25*,2,,,,NONE,,UNLOCATED,NO,NONE,
U4,if_jump<3>,IBUF,IO_L03P_2/DOUT/BUSY,INPUT,LVCMOS25*,2,,,,NONE,,UNLOCATED,NO,NONE,
U5,if_jump<4>,IBUF,IO/VREF_2,INPUT,LVCMOS25*,2,,,,NONE,,UNLOCATED,NO,NONE,
U6,if_jump<10>,IBUF,IO,INPUT,LVCMOS25*,2,,,,NONE,,UNLOCATED,NO,NONE,
U7,,,VCCAUX,,,,,,,,2.5,,,,
U8,,DIFFMI,IP_L11P_2,UNUSED,,2,,,,,,,,,
U9,ram2_data<0>,IOB,IO_L13P_2/D4/GCLK14,BIDIR,LVCMOS25*,2,12,SLOW,NONE**,NONE,,UNLOCATED,NO,NONE,
U10,,DIFFMI,IP_L14P_2/RDWR_B/GCLK0,UNUSED,,2,,,,,,,,,
U11,,DIFFSI,IP_L17N_2,UNUSED,,2,,,,,,,,,
U12,,,VCCAUX,,,,,,,,2.5,,,,
U13,,IOB,IO,UNUSED,,2,,,,,,,,,
U14,,DIFFSI,IP_L23N_2,UNUSED,,2,,,,,,,,,
U15,,DIFFS,IO_L25N_2/VS1/A18,UNUSED,,2,,,,,,,,,
U16,,DIFFS,IO_L26N_2/CCLK,UNUSED,,2,,,,,,,,,
U17,,,GND,,,,,,,,,,,,
U18,,DIFFM,IO_L01P_1/A16,UNUSED,,1,,,,,,,,,
V1,,,GND,,,,,,,,,,,,
V2,if_branch<15>,IBUF,IP,INPUT,LVCMOS25*,2,,,,NONE,,UNLOCATED,NO,NONE,
V3,if_jump<0>,IBUF,IP_L02N_2,INPUT,LVCMOS25*,2,,,,NONE,,UNLOCATED,NO,NONE,
V4,if_branchjump_ctr<1>,IBUF,IP_L02P_2,INPUT,LVCMOS25*,2,,,,NONE,,UNLOCATED,NO,NONE,
V5,if_jump<8>,IBUF,IO_L06P_2,INPUT,LVCMOS25*,2,,,,NONE,,UNLOCATED,NO,NONE,
V6,if_jump<9>,IBUF,IO_L06N_2/VREF_2,INPUT,LVCMOS25*,2,,,,NONE,,UNLOCATED,NO,NONE,
V7,if_jump<13>,IBUF,IO,INPUT,LVCMOS25*,2,,,,NONE,,UNLOCATED,NO,NONE,
V8,,DIFFSI,IP_L11N_2/VREF_2,UNUSED,,2,,,,,,,,,
V9,ram2_data<12>,IOB,IO_L13N_2/D3/GCLK15,BIDIR,LVCMOS25*,2,12,SLOW,NONE**,NONE,,UNLOCATED,NO,NONE,
V10,,,VCCO_2,,,2,,,,,2.50,,,,
V11,ram2_data<4>,IOB,IO/M1,BIDIR,LVCMOS25*,2,12,SLOW,NONE**,NONE,,UNLOCATED,NO,NONE,
V12,,DIFFM,IO_L19P_2,UNUSED,,2,,,,,,,,,
V13,ram2_data<3>,IOB,IO_L19N_2/VREF_2,BIDIR,LVCMOS25*,2,12,SLOW,NONE**,NONE,,UNLOCATED,NO,NONE,
V14,,DIFFMI,IP_L23P_2,UNUSED,,2,,,,,,,,,
V15,,DIFFM,IO_L25P_2/VS2/A19,UNUSED,,2,,,,,,,,,
V16,,IBUF,IP,UNUSED,,2,,,,,,,,,
V17,,,DONE,,,,,,,,,,,,
V18,,,GND,,,,,,,,,,,,

# -----,-----,-----,-----,-----,-----,-----,-----,-----,-----,-----,-----,-----,-----,-----,
# 
#* Default value.
#** This default Pullup/Pulldown value can be overridden in Bitgen. 
#****** Special VCCO requirements may apply. Please consult the device 
#       family datasheet for specific guideline on VCCO requirements. 
#
#
#