<?xml version="1.0"?>
<Interface Version="1" Minor="1">
	<Ifc Id="ROOT" Top="1">
		<Bus Id="ram1mem_data">
			<Port Id="15" Dir="INOUT"/>
			<Port Id="14" Dir="INOUT"/>
			<Port Id="13" Dir="INOUT"/>
			<Port Id="12" Dir="INOUT"/>
			<Port Id="11" Dir="INOUT"/>
			<Port Id="10" Dir="INOUT"/>
			<Port Id="9" Dir="INOUT"/>
			<Port Id="8" Dir="INOUT"/>
			<Port Id="7" Dir="INOUT"/>
			<Port Id="6" Dir="INOUT"/>
			<Port Id="5" Dir="INOUT"/>
			<Port Id="4" Dir="INOUT"/>
			<Port Id="3" Dir="INOUT"/>
			<Port Id="2" Dir="INOUT"/>
			<Port Id="1" Dir="INOUT"/>
			<Port Id="0" Dir="INOUT"/>
		</Bus>
		<Bus Id="ram2if_data">
			<Port Id="15" Dir="INOUT"/>
			<Port Id="14" Dir="INOUT"/>
			<Port Id="13" Dir="INOUT"/>
			<Port Id="12" Dir="INOUT"/>
			<Port Id="11" Dir="INOUT"/>
			<Port Id="10" Dir="INOUT"/>
			<Port Id="9" Dir="INOUT"/>
			<Port Id="8" Dir="INOUT"/>
			<Port Id="7" Dir="INOUT"/>
			<Port Id="6" Dir="INOUT"/>
			<Port Id="5" Dir="INOUT"/>
			<Port Id="4" Dir="INOUT"/>
			<Port Id="3" Dir="INOUT"/>
			<Port Id="2" Dir="INOUT"/>
			<Port Id="1" Dir="INOUT"/>
			<Port Id="0" Dir="INOUT"/>
		</Bus>
		<Bus Id="memram1_addr">
			<Port Id="17" Dir="OUT"/>
			<Port Id="16" Dir="OUT"/>
			<Port Id="15" Dir="OUT"/>
			<Port Id="14" Dir="OUT"/>
			<Port Id="13" Dir="OUT"/>
			<Port Id="12" Dir="OUT"/>
			<Port Id="11" Dir="OUT"/>
			<Port Id="10" Dir="OUT"/>
			<Port Id="9" Dir="OUT"/>
			<Port Id="8" Dir="OUT"/>
			<Port Id="7" Dir="OUT"/>
			<Port Id="6" Dir="OUT"/>
			<Port Id="5" Dir="OUT"/>
			<Port Id="4" Dir="OUT"/>
			<Port Id="3" Dir="OUT"/>
			<Port Id="2" Dir="OUT"/>
			<Port Id="1" Dir="OUT"/>
			<Port Id="0" Dir="OUT"/>
		</Bus>
		<Bus Id="led_pc">
			<Port Id="15" Dir="OUT"/>
			<Port Id="14" Dir="OUT"/>
			<Port Id="13" Dir="OUT"/>
			<Port Id="12" Dir="OUT"/>
			<Port Id="11" Dir="OUT"/>
			<Port Id="10" Dir="OUT"/>
			<Port Id="9" Dir="OUT"/>
			<Port Id="8" Dir="OUT"/>
			<Port Id="7" Dir="OUT"/>
			<Port Id="6" Dir="OUT"/>
			<Port Id="5" Dir="OUT"/>
			<Port Id="4" Dir="OUT"/>
			<Port Id="3" Dir="OUT"/>
			<Port Id="2" Dir="OUT"/>
			<Port Id="1" Dir="OUT"/>
			<Port Id="0" Dir="OUT"/>
		</Bus>
		<Bus Id="ifram2_addr">
			<Port Id="17" Dir="OUT"/>
			<Port Id="16" Dir="OUT"/>
			<Port Id="15" Dir="OUT"/>
			<Port Id="14" Dir="OUT"/>
			<Port Id="13" Dir="OUT"/>
			<Port Id="12" Dir="OUT"/>
			<Port Id="11" Dir="OUT"/>
			<Port Id="10" Dir="OUT"/>
			<Port Id="9" Dir="OUT"/>
			<Port Id="8" Dir="OUT"/>
			<Port Id="7" Dir="OUT"/>
			<Port Id="6" Dir="OUT"/>
			<Port Id="5" Dir="OUT"/>
			<Port Id="4" Dir="OUT"/>
			<Port Id="3" Dir="OUT"/>
			<Port Id="2" Dir="OUT"/>
			<Port Id="1" Dir="OUT"/>
			<Port Id="0" Dir="OUT"/>
		</Bus>
		<Port Id="clk" Dir="IN"/>
		<Port Id="chuanmem_tsre" Dir="IN"/>
		<Port Id="ifram2_en" Dir="OUT"/>
		<Port Id="rst" Dir="IN"/>
		<Port Id="memram1_en" Dir="OUT"/>
		<Port Id="memchuan_rdn" Dir="OUT"/>
		<Port Id="memchuan_wrn" Dir="OUT"/>
		<Port Id="ifram2_oe" Dir="OUT"/>
		<Port Id="memram1_oe" Dir="OUT"/>
		<Port Id="ifram2_we" Dir="OUT"/>
		<Port Id="memram1_we" Dir="OUT"/>
		<Port Id="chuanmem_data_ready" Dir="IN"/>
		<Port Id="chuanmem_tbre" Dir="IN"/>
	</Ifc>
</Interface>

