<?xml version="1.0" encoding="UTF-8"?>
<!-- IMPORTANT: This is an internal file that has been generated
     by the Xilinx ISE software.  Any direct editing or
     changes made to this file may result in unpredictable
     behavior or data corruption.  It is strongly advised that
     users do not edit the contents of this file. -->
<DeviceUsageSummary rev="7">
<DesignStatistics TimeStamp="Wed Nov 30 00:57:45 2016"><group name="NetStatistics">
<item name="NumNets_Active" rev="7">
<attrib name="value" value="1647"/></item>
<item name="NumNets_Gnd" rev="7">
<attrib name="value" value="1"/></item>
<item name="NumNets_Vcc" rev="7">
<attrib name="value" value="1"/></item>
<item name="NumNodesOfType_Active_CLKPIN" rev="7">
<attrib name="value" value="308"/></item>
<item name="NumNodesOfType_Active_CNTRLPIN" rev="7">
<attrib name="value" value="575"/></item>
<item name="NumNodesOfType_Active_DOUBLE" rev="7">
<attrib name="value" value="4976"/></item>
<item name="NumNodesOfType_Active_DUMMY" rev="7">
<attrib name="value" value="4371"/></item>
<item name="NumNodesOfType_Active_DUMMYESC" rev="7">
<attrib name="value" value="37"/></item>
<item name="NumNodesOfType_Active_GLOBAL" rev="7">
<attrib name="value" value="93"/></item>
<item name="NumNodesOfType_Active_HFULLHEX" rev="7">
<attrib name="value" value="66"/></item>
<item name="NumNodesOfType_Active_HLONG" rev="7">
<attrib name="value" value="21"/></item>
<item name="NumNodesOfType_Active_HUNIHEX" rev="7">
<attrib name="value" value="477"/></item>
<item name="NumNodesOfType_Active_INPUT" rev="7">
<attrib name="value" value="4879"/></item>
<item name="NumNodesOfType_Active_IOBOUTPUT" rev="7">
<attrib name="value" value="37"/></item>
<item name="NumNodesOfType_Active_OMUX" rev="7">
<attrib name="value" value="1324"/></item>
<item name="NumNodesOfType_Active_OUTPUT" rev="7">
<attrib name="value" value="1531"/></item>
<item name="NumNodesOfType_Active_PREBXBY" rev="7">
<attrib name="value" value="1541"/></item>
<item name="NumNodesOfType_Active_VFULLHEX" rev="7">
<attrib name="value" value="335"/></item>
<item name="NumNodesOfType_Active_VLONG" rev="7">
<attrib name="value" value="84"/></item>
<item name="NumNodesOfType_Active_VUNIHEX" rev="7">
<attrib name="value" value="557"/></item>
<item name="NumNodesOfType_Gnd_DOUBLE" rev="7">
<attrib name="value" value="2"/></item>
<item name="NumNodesOfType_Gnd_INPUT" rev="7">
<attrib name="value" value="9"/></item>
<item name="NumNodesOfType_Gnd_OMUX" rev="7">
<attrib name="value" value="9"/></item>
<item name="NumNodesOfType_Gnd_OUTPUT" rev="7">
<attrib name="value" value="8"/></item>
<item name="NumNodesOfType_Gnd_PREBXBY" rev="7">
<attrib name="value" value="4"/></item>
</group>
<group name="SiteStatistics">
<item name="IBUF-DIFFM" rev="7">
<attrib name="value" value="2"/></item>
<item name="IBUF-DIFFMI" rev="7">
<attrib name="value" value="1"/></item>
<item name="IBUF-DIFFS" rev="7">
<attrib name="value" value="1"/></item>
<item name="IBUF-DIFFSI" rev="7">
<attrib name="value" value="1"/></item>
<item name="IOB-DIFFM" rev="7">
<attrib name="value" value="33"/></item>
<item name="IOB-DIFFS" rev="7">
<attrib name="value" value="38"/></item>
<item name="SLICEL-SLICEM" rev="7">
<attrib name="value" value="378"/></item>
</group>
<group name="MiscellaneousStatistics">
<item name="AGG_BONDED_IO" rev="6">
<attrib name="value" value="81"/></item>
<item name="AGG_IO" rev="6">
<attrib name="value" value="81"/></item>
<item name="AGG_SLICE" rev="6">
<attrib name="value" value="812"/></item>
<item name="NUM_4_INPUT_LUT" rev="6">
<attrib name="value" value="1242"/></item>
<item name="NUM_BONDED_IBUF" rev="6">
<attrib name="value" value="5"/></item>
<item name="NUM_BONDED_IOB" rev="6">
<attrib name="value" value="76"/></item>
<item name="NUM_BUFGMUX" rev="6">
<attrib name="value" value="1"/></item>
<item name="NUM_CYMUX" rev="6">
<attrib name="value" value="68"/></item>
<item name="NUM_LUT_RT" rev="6">
<attrib name="value" value="15"/></item>
<item name="NUM_SLICEL" rev="6">
<attrib name="value" value="812"/></item>
<item name="NUM_SLICE_FF" rev="6">
<attrib name="value" value="480"/></item>
<item name="NUM_XOR" rev="6">
<attrib name="value" value="47"/></item>
</group>
</DesignStatistics>
<DeviceUsage TimeStamp="Wed Nov 30 00:57:45 2016"><group name="SiteSummary">
<item name="BUFGMUX" rev="7">
<attrib name="total" value="1000000"/><attrib name="used" value="1"/></item>
<item name="BUFGMUX_GCLKMUX" rev="7">
<attrib name="total" value="1000000"/><attrib name="used" value="1"/></item>
<item name="BUFGMUX_GCLK_BUFFER" rev="7">
<attrib name="total" value="1000000"/><attrib name="used" value="1"/></item>
<item name="IBUF" rev="7">
<attrib name="total" value="1000000"/><attrib name="used" value="5"/></item>
<item name="IBUF_INBUF" rev="7">
<attrib name="total" value="1000000"/><attrib name="used" value="5"/></item>
<item name="IBUF_PAD" rev="7">
<attrib name="total" value="1000000"/><attrib name="used" value="5"/></item>
<item name="IOB" rev="7">
<attrib name="total" value="1000000"/><attrib name="used" value="76"/></item>
<item name="IOB_INBUF" rev="7">
<attrib name="total" value="1000000"/><attrib name="used" value="32"/></item>
<item name="IOB_OUTBUF" rev="7">
<attrib name="total" value="1000000"/><attrib name="used" value="76"/></item>
<item name="IOB_PAD" rev="7">
<attrib name="total" value="1000000"/><attrib name="used" value="76"/></item>
<item name="SLICEL" rev="7">
<attrib name="total" value="1000000"/><attrib name="used" value="812"/></item>
<item name="SLICEL_C1VDD" rev="7">
<attrib name="total" value="1000000"/><attrib name="used" value="1"/></item>
<item name="SLICEL_CYMUXF" rev="7">
<attrib name="total" value="1000000"/><attrib name="used" value="35"/></item>
<item name="SLICEL_CYMUXG" rev="7">
<attrib name="total" value="1000000"/><attrib name="used" value="33"/></item>
<item name="SLICEL_F" rev="7">
<attrib name="total" value="1000000"/><attrib name="used" value="629"/></item>
<item name="SLICEL_F5MUX" rev="7">
<attrib name="total" value="1000000"/><attrib name="used" value="90"/></item>
<item name="SLICEL_FFX" rev="7">
<attrib name="total" value="1000000"/><attrib name="used" value="262"/></item>
<item name="SLICEL_FFY" rev="7">
<attrib name="total" value="1000000"/><attrib name="used" value="218"/></item>
<item name="SLICEL_G" rev="7">
<attrib name="total" value="1000000"/><attrib name="used" value="613"/></item>
<item name="SLICEL_GNDF" rev="7">
<attrib name="total" value="1000000"/><attrib name="used" value="10"/></item>
<item name="SLICEL_GNDG" rev="7">
<attrib name="total" value="1000000"/><attrib name="used" value="11"/></item>
<item name="SLICEL_XORF" rev="7">
<attrib name="total" value="1000000"/><attrib name="used" value="24"/></item>
<item name="SLICEL_XORG" rev="7">
<attrib name="total" value="1000000"/><attrib name="used" value="23"/></item>
</group>
</DeviceUsage>
<ReportConfigData TimeStamp="Wed Nov 30 00:57:45 2016"><group name="SLICEL_CYMUXF">
<item name="0" rev="7">
<attrib name="0" value="35"/><attrib name="0_INV" value="0"/></item>
<item name="1" rev="7">
<attrib name="1_INV" value="0"/><attrib name="1" value="35"/></item>
</group>
<group name="SLICEL_CYMUXG">
<item name="0" rev="7">
<attrib name="0" value="33"/><attrib name="0_INV" value="0"/></item>
</group>
<group name="IBUF_PAD">
<item name="IOATTRBOX" rev="7">
<attrib name="LVCMOS25" value="5"/></item>
</group>
<group name="SLICEL">
<item name="BX" rev="7">
<attrib name="BX_INV" value="0"/><attrib name="BX" value="235"/></item>
<item name="BY" rev="7">
<attrib name="BY" value="175"/><attrib name="BY_INV" value="2"/></item>
<item name="CE" rev="7">
<attrib name="CE" value="201"/><attrib name="CE_INV" value="106"/></item>
<item name="CIN" rev="7">
<attrib name="CIN_INV" value="0"/><attrib name="CIN" value="31"/></item>
<item name="CLK" rev="7">
<attrib name="CLK" value="307"/><attrib name="CLK_INV" value="1"/></item>
<item name="SR" rev="7">
<attrib name="SR" value="0"/><attrib name="SR_INV" value="236"/></item>
</group>
<group name="IOB_OUTBUF">
<item name="IN" rev="7">
<attrib name="IN_INV" value="0"/><attrib name="IN" value="76"/></item>
<item name="TRI" rev="7">
<attrib name="TRI_INV" value="0"/><attrib name="TRI" value="32"/></item>
</group>
<group name="SLICEL_FFX">
<item name="CE" rev="7">
<attrib name="CE" value="166"/><attrib name="CE_INV" value="96"/></item>
<item name="CK" rev="7">
<attrib name="CK" value="262"/><attrib name="CK_INV" value="0"/></item>
<item name="D" rev="7">
<attrib name="D" value="262"/><attrib name="D_INV" value="0"/></item>
<item name="FFX_INIT_ATTR" rev="7">
<attrib name="INIT0" value="261"/><attrib name="INIT1" value="1"/></item>
<item name="FFX_SR_ATTR" rev="7">
<attrib name="SRLOW" value="262"/></item>
<item name="LATCH_OR_FF" rev="7">
<attrib name="FF" value="262"/></item>
<item name="SR" rev="7">
<attrib name="SR" value="0"/><attrib name="SR_INV" value="209"/></item>
<item name="SYNC_ATTR" rev="7">
<attrib name="ASYNC" value="262"/></item>
</group>
<group name="SLICEL_XORF">
<item name="1" rev="7">
<attrib name="1_INV" value="0"/><attrib name="1" value="24"/></item>
</group>
<group name="SLICEL_FFY">
<item name="CE" rev="7">
<attrib name="CE" value="193"/><attrib name="CE_INV" value="24"/></item>
<item name="CK" rev="7">
<attrib name="CK" value="217"/><attrib name="CK_INV" value="1"/></item>
<item name="D" rev="7">
<attrib name="D" value="216"/><attrib name="D_INV" value="2"/></item>
<item name="FFY_INIT_ATTR" rev="7">
<attrib name="INIT0" value="212"/><attrib name="INIT1" value="6"/></item>
<item name="FFY_SR_ATTR" rev="7">
<attrib name="SRLOW" value="212"/><attrib name="SRHIGH" value="6"/></item>
<item name="LATCH_OR_FF" rev="7">
<attrib name="FF" value="218"/></item>
<item name="SR" rev="7">
<attrib name="SR" value="0"/><attrib name="SR_INV" value="153"/></item>
<item name="SYNC_ATTR" rev="7">
<attrib name="ASYNC" value="218"/></item>
</group>
<group name="BUFGMUX_GCLKMUX">
<item name="DISABLE_ATTR" rev="7">
<attrib name="LOW" value="1"/></item>
<item name="S" rev="7">
<attrib name="S_INV" value="1"/><attrib name="S" value="0"/></item>
</group>
<group name="SLICEL_F5MUX">
<item name="S0" rev="7">
<attrib name="S0" value="90"/><attrib name="S0_INV" value="0"/></item>
</group>
<group name="IOB_PAD">
<item name="DRIVEATTRBOX" rev="7">
<attrib name="12" value="76"/></item>
<item name="IOATTRBOX" rev="7">
<attrib name="LVCMOS25" value="76"/></item>
<item name="SLEW" rev="7">
<attrib name="SLOW" value="76"/></item>
</group>
<group name="IOB">
<item name="O1" rev="7">
<attrib name="O1_INV" value="0"/><attrib name="O1" value="76"/></item>
<item name="T1" rev="7">
<attrib name="T1_INV" value="0"/><attrib name="T1" value="32"/></item>
</group>
<group name="BUFGMUX">
<item name="S" rev="7">
<attrib name="S_INV" value="1"/><attrib name="S" value="0"/></item>
</group>
</ReportConfigData>
<ReportPinData TimeStamp="Wed Nov 30 00:57:45 2016"><group name="SLICEL_CYMUXF">
<item name="0" rev="7">
<attrib name="value" value="35"/></item>
<item name="1" rev="7">
<attrib name="value" value="35"/></item>
<item name="OUT" rev="7">
<attrib name="value" value="35"/></item>
<item name="S0" rev="7">
<attrib name="value" value="35"/></item>
</group>
<group name="SLICEL_CYMUXG">
<item name="0" rev="7">
<attrib name="value" value="33"/></item>
<item name="1" rev="7">
<attrib name="value" value="33"/></item>
<item name="OUT" rev="7">
<attrib name="value" value="33"/></item>
<item name="S0" rev="7">
<attrib name="value" value="33"/></item>
</group>
<group name="IBUF_PAD">
<item name="PAD" rev="7">
<attrib name="value" value="5"/></item>
</group>
<group name="IBUF_INBUF">
<item name="IN" rev="7">
<attrib name="value" value="5"/></item>
<item name="OUT" rev="7">
<attrib name="value" value="5"/></item>
</group>
<group name="BUFGMUX_GCLK_BUFFER">
<item name="IN" rev="7">
<attrib name="value" value="1"/></item>
<item name="OUT" rev="7">
<attrib name="value" value="1"/></item>
</group>
<group name="SLICEL">
<item name="BX" rev="7">
<attrib name="value" value="235"/></item>
<item name="BY" rev="7">
<attrib name="value" value="177"/></item>
<item name="CE" rev="7">
<attrib name="value" value="307"/></item>
<item name="CIN" rev="7">
<attrib name="value" value="31"/></item>
<item name="CLK" rev="7">
<attrib name="value" value="308"/></item>
<item name="COUT" rev="7">
<attrib name="value" value="33"/></item>
<item name="F1" rev="7">
<attrib name="value" value="628"/></item>
<item name="F2" rev="7">
<attrib name="value" value="619"/></item>
<item name="F3" rev="7">
<attrib name="value" value="560"/></item>
<item name="F4" rev="7">
<attrib name="value" value="406"/></item>
<item name="G1" rev="7">
<attrib name="value" value="612"/></item>
<item name="G2" rev="7">
<attrib name="value" value="605"/></item>
<item name="G3" rev="7">
<attrib name="value" value="548"/></item>
<item name="G4" rev="7">
<attrib name="value" value="392"/></item>
<item name="SR" rev="7">
<attrib name="value" value="236"/></item>
<item name="X" rev="7">
<attrib name="value" value="538"/></item>
<item name="XQ" rev="7">
<attrib name="value" value="262"/></item>
<item name="Y" rev="7">
<attrib name="value" value="477"/></item>
<item name="YQ" rev="7">
<attrib name="value" value="218"/></item>
</group>
<group name="IOB_OUTBUF">
<item name="IN" rev="7">
<attrib name="value" value="76"/></item>
<item name="OUT" rev="7">
<attrib name="value" value="76"/></item>
<item name="TRI" rev="7">
<attrib name="value" value="32"/></item>
</group>
<group name="IBUF">
<item name="I" rev="7">
<attrib name="value" value="5"/></item>
<item name="PAD" rev="7">
<attrib name="value" value="5"/></item>
</group>
<group name="IOB_INBUF">
<item name="IN" rev="7">
<attrib name="value" value="32"/></item>
<item name="OUT" rev="7">
<attrib name="value" value="32"/></item>
</group>
<group name="SLICEL_FFX">
<item name="CE" rev="7">
<attrib name="value" value="262"/></item>
<item name="CK" rev="7">
<attrib name="value" value="262"/></item>
<item name="D" rev="7">
<attrib name="value" value="262"/></item>
<item name="Q" rev="7">
<attrib name="value" value="262"/></item>
<item name="SR" rev="7">
<attrib name="value" value="209"/></item>
</group>
<group name="SLICEL_XORF">
<item name="0" rev="7">
<attrib name="value" value="24"/></item>
<item name="1" rev="7">
<attrib name="value" value="24"/></item>
<item name="O" rev="7">
<attrib name="value" value="24"/></item>
</group>
<group name="SLICEL_FFY">
<item name="CE" rev="7">
<attrib name="value" value="217"/></item>
<item name="CK" rev="7">
<attrib name="value" value="218"/></item>
<item name="D" rev="7">
<attrib name="value" value="218"/></item>
<item name="Q" rev="7">
<attrib name="value" value="218"/></item>
<item name="SR" rev="7">
<attrib name="value" value="153"/></item>
</group>
<group name="SLICEL_XORG">
<item name="0" rev="7">
<attrib name="value" value="23"/></item>
<item name="1" rev="7">
<attrib name="value" value="23"/></item>
<item name="O" rev="7">
<attrib name="value" value="23"/></item>
</group>
<group name="BUFGMUX_GCLKMUX">
<item name="I0" rev="7">
<attrib name="value" value="1"/></item>
<item name="OUT" rev="7">
<attrib name="value" value="1"/></item>
<item name="S" rev="7">
<attrib name="value" value="1"/></item>
</group>
<group name="SLICEL_F5MUX">
<item name="F" rev="7">
<attrib name="value" value="90"/></item>
<item name="G" rev="7">
<attrib name="value" value="90"/></item>
<item name="OUT" rev="7">
<attrib name="value" value="90"/></item>
<item name="S0" rev="7">
<attrib name="value" value="90"/></item>
</group>
<group name="IOB_PAD">
<item name="PAD" rev="7">
<attrib name="value" value="76"/></item>
</group>
<group name="IOB">
<item name="I" rev="7">
<attrib name="value" value="32"/></item>
<item name="O1" rev="7">
<attrib name="value" value="76"/></item>
<item name="PAD" rev="7">
<attrib name="value" value="76"/></item>
<item name="T1" rev="7">
<attrib name="value" value="32"/></item>
</group>
<group name="SLICEL_C1VDD">
<item name="1" rev="7">
<attrib name="value" value="1"/></item>
</group>
<group name="BUFGMUX">
<item name="I0" rev="7">
<attrib name="value" value="1"/></item>
<item name="O" rev="7">
<attrib name="value" value="1"/></item>
<item name="S" rev="7">
<attrib name="value" value="1"/></item>
</group>
<group name="SLICEL_F">
<item name="A1" rev="7">
<attrib name="value" value="628"/></item>
<item name="A2" rev="7">
<attrib name="value" value="619"/></item>
<item name="A3" rev="7">
<attrib name="value" value="560"/></item>
<item name="A4" rev="7">
<attrib name="value" value="406"/></item>
<item name="D" rev="7">
<attrib name="value" value="629"/></item>
</group>
<group name="SLICEL_G">
<item name="A1" rev="7">
<attrib name="value" value="612"/></item>
<item name="A2" rev="7">
<attrib name="value" value="605"/></item>
<item name="A3" rev="7">
<attrib name="value" value="548"/></item>
<item name="A4" rev="7">
<attrib name="value" value="392"/></item>
<item name="D" rev="7">
<attrib name="value" value="613"/></item>
</group>
<group name="SLICEL_GNDF">
<item name="0" rev="7">
<attrib name="value" value="10"/></item>
</group>
<group name="SLICEL_GNDG">
<item name="0" rev="7">
<attrib name="value" value="11"/></item>
</group>
</ReportPinData>
<CmdHistory>
</CmdHistory>
</DeviceUsageSummary>
